<?xml version="1.0" encoding="UTF-8"?>
<project-private xmlns="http://www.netbeans.org/ns/project-private/1">
    <editor-bookmarks xmlns="http://www.netbeans.org/ns/editor-bookmarks/2" lastBookmarkId="0"/>
    <open-files xmlns="http://www.netbeans.org/ns/projectui-open-files/2">
        <group>
            <file>file:/C:/Users/Edison/Desktop/HospitalProyecto/HospitalProyecto/src/hospitalproyecto/EstadoTurno.java</file>
            <file>file:/C:/Users/Edison/Desktop/HospitalProyecto/HospitalProyecto/src/hospitalproyecto/EstadoReceta.java</file>
            <file>file:/C:/Users/Edison/Desktop/HospitalProyecto/HospitalProyecto/src/hospitalproyecto/TipoSanguineo.java</file>
            <file>file:/C:/Users/Edison/Desktop/HospitalProyecto/HospitalProyecto/src/hospitalproyecto/ConsultaMedica.java</file>
            <file>file:/C:/Users/Edison/Desktop/HospitalProyecto/HospitalProyecto/src/hospitalproyecto/Receta.java</file>
            <file>file:/C:/Users/Edison/Desktop/HospitalProyecto/HospitalProyecto/src/hospitalproyecto/Persona.java</file>
            <file>file:/C:/Users/Edison/Desktop/HospitalProyecto/HospitalProyecto/src/hospitalproyecto/HospitalProyecto.java</file>
            <file>file:/C:/Users/Edison/Desktop/HospitalProyecto/HospitalProyecto/src/hospitalproyecto/Medico.java</file>
            <file>file:/C:/Users/Edison/Desktop/HospitalProyecto/HospitalProyecto/src/hospitalproyecto/Rol.java</file>
            <file>file:/C:/Users/Edison/Desktop/HospitalProyecto/HospitalProyecto/src/hospitalproyecto/Diagnostico.java</file>
            <file>file:/C:/Users/Edison/Desktop/HospitalProyecto/HospitalProyecto/src/hospitalproyecto/Cuenta.java</file>
            <file>file:/C:/Users/Edison/Desktop/HospitalProyecto/HospitalProyecto/src/hospitalproyecto/HistorialMedico.java</file>
            <file>file:/C:/Users/Edison/Desktop/HospitalProyecto/HospitalProyecto/src/hospitalproyecto/Medicina.java</file>
            <file>file:/C:/Users/Edison/Desktop/HospitalProyecto/HospitalProyecto/src/hospitalproyecto/TipoExamen.java</file>
        </group>
    </open-files>
</project-private>
